{"cameraMode":{"drawMode":0,"name":"Shaded","section":"Shading Mode"},"sceneLighting":true,"audioPlay":false,"sceneViewState":{"showFog":true,"showMaterialUpdate":false,"showSkybox":true,"showFlares":true,"showImageEffects":true,"showParticleSystems":true},"in2DMode":false,"pivot":{"x":-4.817819595336914,"y":-3.106609344482422,"z":64.39241790771485},"rotation":{"x":0.10981305688619614,"y":-0.08041883260011673,"z":0.008914532139897347,"w":0.9906532764434815},"size":93.48654174804688,"orthographic":false}