{"cameraMode":{"drawMode":0,"name":"Shaded","section":"Shading Mode"},"sceneLighting":true,"audioPlay":false,"sceneViewState":{"showFog":true,"showMaterialUpdate":false,"showSkybox":true,"showFlares":true,"showImageEffects":true,"showParticleSystems":true},"in2DMode":false,"pivot":{"x":-5.337167739868164,"y":-23.070079803466798,"z":44.195831298828128},"rotation":{"x":0.29132094979286196,"y":-0.06880101561546326,"z":0.021011535078287126,"w":0.9539172649383545},"size":62.404685974121097,"orthographic":false}